Core, 0
Cumulative Cycles, 89437428            
Cumulative Instructions, 100000002           
Cumulative IPC, 1.11810
Periodic Cycles, 89437428            
Periodic Instructions, 100000002           
Periodic IPC, 1.11810

EXECUTION_TIME_count, 27949196250000
EXECUTION_TIME_total_count, 27949196250000

NODE_CYCLE_count,      89437428
NODE_CYCLE_total_count,      89437428

NODE_INST_COUNT_count,     100000002
NODE_INST_COUNT_total_count,     100000002

NODE_INST_COUNT_FETCHED_count,     100000002
NODE_INST_COUNT_FETCHED_total_count,     100000002

NODE_UOP_COUNT_count,     118427806
NODE_UOP_COUNT_total_count,     118427806

FULL_WINDOW_STALL_count,       5650252
FULL_WINDOW_STALL_pct,        6.318
FULL_WINDOW_STALL_total_count,       5650252
FULL_WINDOW_STALL_total_pct,        6.318

FULL_WINDOW_ROB_MEM_OP_count,       4919303
FULL_WINDOW_ROB_MEM_OP_pct,       87.063
FULL_WINDOW_ROB_MEM_OP_total_count,       4919303
FULL_WINDOW_ROB_MEM_OP_total_pct,       87.063

FULL_WINDOW_ROB_FP_OP_count,             0
FULL_WINDOW_ROB_FP_OP_pct,        0.000
FULL_WINDOW_ROB_FP_OP_total_count,             0
FULL_WINDOW_ROB_FP_OP_total_pct,        0.000

FULL_WINDOW_ROB_OTHER_OP_count,             0
FULL_WINDOW_ROB_OTHER_OP_pct,        0.000
FULL_WINDOW_ROB_OTHER_OP_total_count,             0
FULL_WINDOW_ROB_OTHER_OP_total_pct,        0.000

FULL_WINDOW_LQ_FULL_count,             0
FULL_WINDOW_LQ_FULL_pct,        0.000
FULL_WINDOW_LQ_FULL_total_count,             0
FULL_WINDOW_LQ_FULL_total_pct,        0.000

FULL_WINDOW_SQ_FULL_count,             0
FULL_WINDOW_SQ_FULL_pct,        0.000
FULL_WINDOW_SQ_FULL_total_count,             0
FULL_WINDOW_SQ_FULL_total_pct,        0.000

FULL_WINDOW_WAITING_ON_RET_count,        730949
FULL_WINDOW_WAITING_ON_RET_pct,       12.937
FULL_WINDOW_WAITING_ON_RET_total_count,        730949
FULL_WINDOW_WAITING_ON_RET_total_pct,       12.937
FULL_WINDOW_WAITING_ON_RET_sum_count,       5650252
FULL_WINDOW_WAITING_ON_RET_sum_pct,      100.000
FULL_WINDOW_WAITING_ON_RET_sum_total_count,       5650252
FULL_WINDOW_WAITING_ON_RET_sum_total_pct,      100.000
FULL_WINDOW_WAITING_ON_RET_mean,         0.65
FULL_WINDOW_WAITING_ON_RET_stddev,         1.58
FULL_WINDOW_WAITING_ON_RET_total_mean,         0.65
FULL_WINDOW_WAITING_ON_RET_total_stddev,         1.58

FULL_WINDOW_MEM_OP_count,             0
FULL_WINDOW_MEM_OP_pct,         -nan
FULL_WINDOW_MEM_OP_total_count,             0
FULL_WINDOW_MEM_OP_total_pct,         -nan

FULL_WINDOW_FP_OP_count,             0
FULL_WINDOW_FP_OP_pct,         -nan
FULL_WINDOW_FP_OP_total_count,             0
FULL_WINDOW_FP_OP_total_pct,         -nan

FULL_WINDOW_OTHER_OP_count,             0
FULL_WINDOW_OTHER_OP_pct,         -nan
FULL_WINDOW_OTHER_OP_total_count,             0
FULL_WINDOW_OTHER_OP_total_pct,         -nan
FULL_WINDOW_OTHER_OP_sum_count,             0
FULL_WINDOW_OTHER_OP_sum_pct,         -nan
FULL_WINDOW_OTHER_OP_sum_total_count,             0
FULL_WINDOW_OTHER_OP_sum_total_pct,         -nan
FULL_WINDOW_OTHER_OP_mean,         -nan
FULL_WINDOW_OTHER_OP_stddev,         -nan
FULL_WINDOW_OTHER_OP_total_mean,         -nan
FULL_WINDOW_OTHER_OP_total_stddev,         -nan

RET_BLOCKED_DC_MISS_count,      36716317
RET_BLOCKED_DC_MISS_pct,       41.053
RET_BLOCKED_DC_MISS_total_count,      36716317
RET_BLOCKED_DC_MISS_total_pct,       41.053

RET_BLOCKED_L1_MISS_count,       2779996
RET_BLOCKED_L1_MISS_pct,        3.108
RET_BLOCKED_L1_MISS_total_count,       2779996
RET_BLOCKED_L1_MISS_total_pct,        3.108

RET_BLOCKED_L1_MISS_BW_PREF_count,        464438
RET_BLOCKED_L1_MISS_BW_PREF_pct,        0.519
RET_BLOCKED_L1_MISS_BW_PREF_total_count,        464438
RET_BLOCKED_L1_MISS_BW_PREF_total_pct,        0.519

RET_BLOCKED_L1_ACCESS_count,      33936629
RET_BLOCKED_L1_ACCESS_pct,       37.945
RET_BLOCKED_L1_ACCESS_total_count,      33936629
RET_BLOCKED_L1_ACCESS_total_pct,       37.945

RET_BLOCKED_MEM_STALL_count,       2784107
RET_BLOCKED_MEM_STALL_pct,        3.113
RET_BLOCKED_MEM_STALL_total_count,       2784107
RET_BLOCKED_MEM_STALL_total_pct,        3.113

RET_BLOCKED_OFFCHIP_DEMAND_count,             0
RET_BLOCKED_OFFCHIP_DEMAND_pct,        0.000
RET_BLOCKED_OFFCHIP_DEMAND_total_count,             0
RET_BLOCKED_OFFCHIP_DEMAND_total_pct,        0.000

OP_ISSUED_count,     301547179
OP_ISSUED_total_count,     301547179

OP_RETIRED_count,     118427806
OP_RETIRED_total_count,     118427806

REPLAY_SIGNALED_count,             0
REPLAY_SIGNALED_total_count,             0

REPLAY_COUNTED_count,             0
REPLAY_COUNTED_total_count,             0

OFF_CRITICAL_PATH_count,             0
OFF_CRITICAL_PATH_pct,         -nan
OFF_CRITICAL_PATH_total_count,             0
OFF_CRITICAL_PATH_total_pct,         -nan

ON_CRITICAL_PATH_count,             0
ON_CRITICAL_PATH_pct,         -nan
ON_CRITICAL_PATH_total_count,             0
ON_CRITICAL_PATH_total_pct,         -nan
ON_CRITICAL_PATH_sum_count,             0
ON_CRITICAL_PATH_sum_pct,         -nan
ON_CRITICAL_PATH_sum_total_count,             0
ON_CRITICAL_PATH_sum_total_pct,         -nan
ON_CRITICAL_PATH_mean,         -nan
ON_CRITICAL_PATH_stddev,         -nan
ON_CRITICAL_PATH_total_mean,         -nan
ON_CRITICAL_PATH_total_stddev,         -nan

LD_NO_DEPENDENTS_count,      16398812
LD_NO_DEPENDENTS_pct,       42.960
LD_NO_DEPENDENTS_total_count,      16398812
LD_NO_DEPENDENTS_total_pct,       42.960

LD_DEPENDENTS_count,      21773068
LD_DEPENDENTS_pct,       57.040
LD_DEPENDENTS_total_count,      21773068
LD_DEPENDENTS_total_pct,       57.040
LD_DEPENDENTS_sum_count,      38171880
LD_DEPENDENTS_sum_pct,      100.000
LD_DEPENDENTS_sum_total_count,      38171880
LD_DEPENDENTS_sum_total_pct,      100.000
LD_DEPENDENTS_mean,         0.57
LD_DEPENDENTS_stddev,         0.54
LD_DEPENDENTS_total_mean,         0.57
LD_DEPENDENTS_total_stddev,         0.54

LD_EXEC_CYCLES_0_count,             0
LD_EXEC_CYCLES_0_pct,        0.000
LD_EXEC_CYCLES_0_total_count,             0
LD_EXEC_CYCLES_0_total_pct,        0.000

LD_EXEC_CYCLES_1_count,      16398805
LD_EXEC_CYCLES_1_pct,       99.945
LD_EXEC_CYCLES_1_total_count,      16398805
LD_EXEC_CYCLES_1_total_pct,       99.945

LD_EXEC_CYCLES_2_count,             0
LD_EXEC_CYCLES_2_pct,        0.000
LD_EXEC_CYCLES_2_total_count,             0
LD_EXEC_CYCLES_2_total_pct,        0.000

LD_EXEC_CYCLES_3_count,          3191
LD_EXEC_CYCLES_3_pct,        0.019
LD_EXEC_CYCLES_3_total_count,          3191
LD_EXEC_CYCLES_3_total_pct,        0.019

LD_EXEC_CYCLES_4_count,          5826
LD_EXEC_CYCLES_4_pct,        0.036
LD_EXEC_CYCLES_4_total_count,          5826
LD_EXEC_CYCLES_4_total_pct,        0.036
LD_EXEC_CYCLES_4_sum_count,      16407822
LD_EXEC_CYCLES_4_sum_pct,      100.000
LD_EXEC_CYCLES_4_sum_total_count,      16407822
LD_EXEC_CYCLES_4_sum_total_pct,      100.000
LD_EXEC_CYCLES_4_mean,         1.00
LD_EXEC_CYCLES_4_stddev,         0.07
LD_EXEC_CYCLES_4_total_mean,         1.00
LD_EXEC_CYCLES_4_total_stddev,         0.07

ICACHE_STAGE_STARVED_count,           508
ICACHE_STAGE_STARVED_pct,        0.002
ICACHE_STAGE_STARVED_total_count,           508
ICACHE_STAGE_STARVED_total_pct,        0.002

ICACHE_STAGE_NOT_STARVED_count,      27463344
ICACHE_STAGE_NOT_STARVED_pct,       99.998
ICACHE_STAGE_NOT_STARVED_total_count,      27463344
ICACHE_STAGE_NOT_STARVED_total_pct,       99.998
ICACHE_STAGE_NOT_STARVED_sum_count,      27463852
ICACHE_STAGE_NOT_STARVED_sum_pct,      100.000
ICACHE_STAGE_NOT_STARVED_sum_total_count,      27463852
ICACHE_STAGE_NOT_STARVED_sum_total_pct,      100.000
ICACHE_STAGE_NOT_STARVED_mean,         1.00
ICACHE_STAGE_NOT_STARVED_stddev,         1.00
ICACHE_STAGE_NOT_STARVED_total_mean,         1.00
ICACHE_STAGE_NOT_STARVED_total_stddev,         1.00

ICACHE_STAGE_STALLED_count,         81004
ICACHE_STAGE_STALLED_pct,        0.091
ICACHE_STAGE_STALLED_total_count,         81004
ICACHE_STAGE_STALLED_total_pct,        0.091

ICACHE_STAGE_NOT_STALLED_count,      27463599
ICACHE_STAGE_NOT_STALLED_pct,       30.707
ICACHE_STAGE_NOT_STALLED_total_count,      27463599
ICACHE_STAGE_NOT_STALLED_total_pct,       30.707

ICACHE_STAGE_OFF_PATH_count,      61892825
ICACHE_STAGE_OFF_PATH_pct,       69.202
ICACHE_STAGE_OFF_PATH_total_count,      61892825
ICACHE_STAGE_OFF_PATH_total_pct,       69.202
ICACHE_STAGE_OFF_PATH_sum_count,      89437428
ICACHE_STAGE_OFF_PATH_sum_pct,      100.000
ICACHE_STAGE_OFF_PATH_sum_total_count,      89437428
ICACHE_STAGE_OFF_PATH_sum_total_pct,      100.000
ICACHE_STAGE_OFF_PATH_mean,         1.69
ICACHE_STAGE_OFF_PATH_stddev,         1.48
ICACHE_STAGE_OFF_PATH_total_mean,         1.69
ICACHE_STAGE_OFF_PATH_total_stddev,         1.48

DECODE_STAGE_STARVED_count,      33088012
DECODE_STAGE_STARVED_pct,       82.475
DECODE_STAGE_STARVED_total_count,      33088012
DECODE_STAGE_STARVED_total_pct,       82.475

DECODE_STAGE_NOT_STARVED_count,       7030657
DECODE_STAGE_NOT_STARVED_pct,       17.525
DECODE_STAGE_NOT_STARVED_total_count,       7030657
DECODE_STAGE_NOT_STARVED_total_pct,       17.525
DECODE_STAGE_NOT_STARVED_sum_count,      40118669
DECODE_STAGE_NOT_STARVED_sum_pct,      100.000
DECODE_STAGE_NOT_STARVED_sum_total_count,      40118669
DECODE_STAGE_NOT_STARVED_sum_total_pct,      100.000
DECODE_STAGE_NOT_STARVED_mean,         0.18
DECODE_STAGE_NOT_STARVED_stddev,         0.35
DECODE_STAGE_NOT_STARVED_total_mean,         0.18
DECODE_STAGE_NOT_STARVED_total_stddev,         0.35

DECODE_STAGE_STALLED_count,          7051
DECODE_STAGE_STALLED_pct,        0.008
DECODE_STAGE_STALLED_total_count,          7051
DECODE_STAGE_STALLED_total_pct,        0.008

DECODE_STAGE_NOT_STALLED_count,      40111618
DECODE_STAGE_NOT_STALLED_pct,       44.849
DECODE_STAGE_NOT_STALLED_total_count,      40111618
DECODE_STAGE_NOT_STALLED_total_pct,       44.849

DECODE_STAGE_OFF_PATH_count,      49318759
DECODE_STAGE_OFF_PATH_pct,       55.143
DECODE_STAGE_OFF_PATH_total_count,      49318759
DECODE_STAGE_OFF_PATH_total_pct,       55.143
DECODE_STAGE_OFF_PATH_sum_count,      89437428
DECODE_STAGE_OFF_PATH_sum_pct,      100.000
DECODE_STAGE_OFF_PATH_sum_total_count,      89437428
DECODE_STAGE_OFF_PATH_sum_total_pct,      100.000
DECODE_STAGE_OFF_PATH_mean,         1.55
DECODE_STAGE_OFF_PATH_stddev,         1.25
DECODE_STAGE_OFF_PATH_total_mean,         1.55
DECODE_STAGE_OFF_PATH_total_stddev,         1.25

UOPQ_STAGE_STARVED_count,      16491774
UOPQ_STAGE_STARVED_pct,       45.213
UOPQ_STAGE_STARVED_total_count,      16491774
UOPQ_STAGE_STARVED_total_pct,       45.213

UOPQ_STAGE_NOT_STARVED_count,      19984297
UOPQ_STAGE_NOT_STARVED_pct,       54.787
UOPQ_STAGE_NOT_STARVED_total_count,      19984297
UOPQ_STAGE_NOT_STARVED_total_pct,       54.787
UOPQ_STAGE_NOT_STARVED_sum_count,      36476071
UOPQ_STAGE_NOT_STARVED_sum_pct,      100.000
UOPQ_STAGE_NOT_STARVED_sum_total_count,      36476071
UOPQ_STAGE_NOT_STARVED_sum_total_pct,      100.000
UOPQ_STAGE_NOT_STARVED_mean,         0.55
UOPQ_STAGE_NOT_STARVED_stddev,         0.53
UOPQ_STAGE_NOT_STARVED_total_mean,         0.55
UOPQ_STAGE_NOT_STARVED_total_stddev,         0.53

UOPQ_STAGE_STALLED_count,         80181
UOPQ_STAGE_STALLED_pct,        0.090
UOPQ_STAGE_STALLED_total_count,         80181
UOPQ_STAGE_STALLED_total_pct,        0.090

UOPQ_STAGE_NOT_STALLED_count,      36476071
UOPQ_STAGE_NOT_STALLED_pct,       40.784
UOPQ_STAGE_NOT_STALLED_total_count,      36476071
UOPQ_STAGE_NOT_STALLED_total_pct,       40.784

UOPQ_STAGE_OFF_PATH_count,      52881176
UOPQ_STAGE_OFF_PATH_pct,       59.126
UOPQ_STAGE_OFF_PATH_total_count,      52881176
UOPQ_STAGE_OFF_PATH_total_pct,       59.126
UOPQ_STAGE_OFF_PATH_sum_count,      89437428
UOPQ_STAGE_OFF_PATH_sum_pct,      100.000
UOPQ_STAGE_OFF_PATH_sum_total_count,      89437428
UOPQ_STAGE_OFF_PATH_sum_total_pct,      100.000
UOPQ_STAGE_OFF_PATH_mean,         1.59
UOPQ_STAGE_OFF_PATH_stddev,         1.32
UOPQ_STAGE_OFF_PATH_total_mean,         1.59
UOPQ_STAGE_OFF_PATH_total_stddev,         1.32

MAP_STAGE_STARVED_count,       7852303
MAP_STAGE_STARVED_pct,       20.734
MAP_STAGE_STARVED_total_count,       7852303
MAP_STAGE_STARVED_total_pct,       20.734

MAP_STAGE_NOT_STARVED_count,      30019319
MAP_STAGE_NOT_STARVED_pct,       79.266
MAP_STAGE_NOT_STARVED_total_count,      30019319
MAP_STAGE_NOT_STARVED_total_pct,       79.266
MAP_STAGE_NOT_STARVED_sum_count,      37871622
MAP_STAGE_NOT_STARVED_sum_pct,      100.000
MAP_STAGE_NOT_STARVED_sum_total_count,      37871622
MAP_STAGE_NOT_STARVED_sum_total_pct,      100.000
MAP_STAGE_NOT_STARVED_mean,         0.79
MAP_STAGE_NOT_STARVED_stddev,         0.73
MAP_STAGE_NOT_STARVED_total_mean,         0.79
MAP_STAGE_NOT_STARVED_total_stddev,         0.73

MAP_STAGE_STALLED_count,         97150
MAP_STAGE_STALLED_pct,        0.109
MAP_STAGE_STALLED_total_count,         97150
MAP_STAGE_STALLED_total_pct,        0.109

MAP_STAGE_NOT_STALLED_count,      37774472
MAP_STAGE_NOT_STALLED_pct,       42.236
MAP_STAGE_NOT_STALLED_total_count,      37774472
MAP_STAGE_NOT_STALLED_total_pct,       42.236

MAP_STAGE_OFF_PATH_count,      51565806
MAP_STAGE_OFF_PATH_pct,       57.656
MAP_STAGE_OFF_PATH_total_count,      51565806
MAP_STAGE_OFF_PATH_total_pct,       57.656
MAP_STAGE_OFF_PATH_sum_count,      89437428
MAP_STAGE_OFF_PATH_sum_pct,      100.000
MAP_STAGE_OFF_PATH_sum_total_count,      89437428
MAP_STAGE_OFF_PATH_sum_total_pct,      100.000
MAP_STAGE_OFF_PATH_mean,         1.58
MAP_STAGE_OFF_PATH_stddev,         1.29
MAP_STAGE_OFF_PATH_total_mean,         1.58
MAP_STAGE_OFF_PATH_total_stddev,         1.29

EXEC_STAGE_STARVED_count,      46952141
EXEC_STAGE_STARVED_pct,       52.497
EXEC_STAGE_STARVED_total_count,      46952141
EXEC_STAGE_STARVED_total_pct,       52.497

EXEC_STAGE_NOT_STARVED_count,         89483
EXEC_STAGE_NOT_STARVED_pct,        0.100
EXEC_STAGE_NOT_STARVED_total_count,         89483
EXEC_STAGE_NOT_STARVED_total_pct,        0.100

EXEC_STAGE_OFF_PATH_count,      42395804
EXEC_STAGE_OFF_PATH_pct,       47.403
EXEC_STAGE_OFF_PATH_total_count,      42395804
EXEC_STAGE_OFF_PATH_total_pct,       47.403
EXEC_STAGE_OFF_PATH_sum_count,      89437428
EXEC_STAGE_OFF_PATH_sum_pct,      100.000
EXEC_STAGE_OFF_PATH_sum_total_count,      89437428
EXEC_STAGE_OFF_PATH_sum_total_pct,      100.000
EXEC_STAGE_OFF_PATH_mean,         0.95
EXEC_STAGE_OFF_PATH_stddev,         0.97
EXEC_STAGE_OFF_PATH_total_mean,         0.95
EXEC_STAGE_OFF_PATH_total_stddev,         0.97

FU_BUSY_0_count,      64329865
FU_BUSY_0_total_count,      64329865

FU_BUSY_1_count,      31002169
FU_BUSY_1_total_count,      31002169

FU_BUSY_2_count,      44440013
FU_BUSY_2_total_count,      44440013

FU_BUSY_3_count,      34407412
FU_BUSY_3_total_count,      34407412

FU_BUSY_4_count,      18475924
FU_BUSY_4_total_count,      18475924

FU_BUSY_5_count,      25421985
FU_BUSY_5_total_count,      25421985

FU_BUSY_6_count,       7787975
FU_BUSY_6_total_count,       7787975

FU_BUSY_7_count,      14410902
FU_BUSY_7_total_count,      14410902

FU_BUSY_8_count,             0
FU_BUSY_8_total_count,             0

FU_BUSY_9_count,             0
FU_BUSY_9_total_count,             0

FU_BUSY_10_count,             0
FU_BUSY_10_total_count,             0

FU_BUSY_11_count,             0
FU_BUSY_11_total_count,             0

FU_BUSY_12_count,             0
FU_BUSY_12_total_count,             0

FU_BUSY_13_count,             0
FU_BUSY_13_total_count,             0

FU_BUSY_14_count,             0
FU_BUSY_14_total_count,             0

FU_BUSY_15_count,             0
FU_BUSY_15_total_count,             0

FU_BUSY_16_count,             0
FU_BUSY_16_total_count,             0

FU_BUSY_17_count,             0
FU_BUSY_17_total_count,             0

FU_BUSY_18_count,             0
FU_BUSY_18_total_count,             0

FU_BUSY_19_count,             0
FU_BUSY_19_total_count,             0

FU_BUSY_20_count,             0
FU_BUSY_20_total_count,             0

FU_BUSY_21_count,             0
FU_BUSY_21_total_count,             0

FU_BUSY_22_count,             0
FU_BUSY_22_total_count,             0

FU_BUSY_23_count,             0
FU_BUSY_23_total_count,             0

FU_BUSY_24_count,             0
FU_BUSY_24_total_count,             0

FU_BUSY_25_count,             0
FU_BUSY_25_total_count,             0

FU_BUSY_26_count,             0
FU_BUSY_26_total_count,             0

FU_BUSY_27_count,             0
FU_BUSY_27_total_count,             0

FU_BUSY_28_count,             0
FU_BUSY_28_total_count,             0

FU_BUSY_29_count,             0
FU_BUSY_29_total_count,             0

FU_BUSY_30_count,             0
FU_BUSY_30_total_count,             0

FU_BUSY_31_count,             0
FU_BUSY_31_total_count,             0

FU_REJECTED_OP_INV_NOT_SIMD_count,             0
FU_REJECTED_OP_INV_NOT_SIMD_pct,        0.000
FU_REJECTED_OP_INV_NOT_SIMD_total_count,             0
FU_REJECTED_OP_INV_NOT_SIMD_total_pct,        0.000

FU_REJECTED_OP_NOP_NOT_SIMD_count,             0
FU_REJECTED_OP_NOP_NOT_SIMD_pct,        0.000
FU_REJECTED_OP_NOP_NOT_SIMD_total_count,             0
FU_REJECTED_OP_NOP_NOT_SIMD_total_pct,        0.000

FU_REJECTED_OP_CF_NOT_SIMD_count,         23114
FU_REJECTED_OP_CF_NOT_SIMD_pct,        6.509
FU_REJECTED_OP_CF_NOT_SIMD_total_count,         23114
FU_REJECTED_OP_CF_NOT_SIMD_total_pct,        6.509

FU_REJECTED_OP_MOV_NOT_SIMD_count,             0
FU_REJECTED_OP_MOV_NOT_SIMD_pct,        0.000
FU_REJECTED_OP_MOV_NOT_SIMD_total_count,             0
FU_REJECTED_OP_MOV_NOT_SIMD_total_pct,        0.000

FU_REJECTED_OP_CMOV_NOT_SIMD_count,             0
FU_REJECTED_OP_CMOV_NOT_SIMD_pct,        0.000
FU_REJECTED_OP_CMOV_NOT_SIMD_total_count,             0
FU_REJECTED_OP_CMOV_NOT_SIMD_total_pct,        0.000

FU_REJECTED_OP_LDA_NOT_SIMD_count,          2965
FU_REJECTED_OP_LDA_NOT_SIMD_pct,        0.835
FU_REJECTED_OP_LDA_NOT_SIMD_total_count,          2965
FU_REJECTED_OP_LDA_NOT_SIMD_total_pct,        0.835

FU_REJECTED_OP_IMEM_NOT_SIMD_count,        227259
FU_REJECTED_OP_IMEM_NOT_SIMD_pct,       63.999
FU_REJECTED_OP_IMEM_NOT_SIMD_total_count,        227259
FU_REJECTED_OP_IMEM_NOT_SIMD_total_pct,       63.999

FU_REJECTED_OP_IADD_NOT_SIMD_count,         42625
FU_REJECTED_OP_IADD_NOT_SIMD_pct,       12.004
FU_REJECTED_OP_IADD_NOT_SIMD_total_count,         42625
FU_REJECTED_OP_IADD_NOT_SIMD_total_pct,       12.004

FU_REJECTED_OP_IMUL_NOT_SIMD_count,         28790
FU_REJECTED_OP_IMUL_NOT_SIMD_pct,        8.108
FU_REJECTED_OP_IMUL_NOT_SIMD_total_count,         28790
FU_REJECTED_OP_IMUL_NOT_SIMD_total_pct,        8.108

FU_REJECTED_OP_IDIV_NOT_SIMD_count,             0
FU_REJECTED_OP_IDIV_NOT_SIMD_pct,        0.000
FU_REJECTED_OP_IDIV_NOT_SIMD_total_count,             0
FU_REJECTED_OP_IDIV_NOT_SIMD_total_pct,        0.000

FU_REJECTED_OP_ICMP_NOT_SIMD_count,             0
FU_REJECTED_OP_ICMP_NOT_SIMD_pct,        0.000
FU_REJECTED_OP_ICMP_NOT_SIMD_total_count,             0
FU_REJECTED_OP_ICMP_NOT_SIMD_total_pct,        0.000

FU_REJECTED_OP_LOGIC_NOT_SIMD_count,         30344
FU_REJECTED_OP_LOGIC_NOT_SIMD_pct,        8.545
FU_REJECTED_OP_LOGIC_NOT_SIMD_total_count,         30344
FU_REJECTED_OP_LOGIC_NOT_SIMD_total_pct,        8.545

FU_REJECTED_OP_SHIFT_NOT_SIMD_count,             0
FU_REJECTED_OP_SHIFT_NOT_SIMD_pct,        0.000
FU_REJECTED_OP_SHIFT_NOT_SIMD_total_count,             0
FU_REJECTED_OP_SHIFT_NOT_SIMD_total_pct,        0.000

FU_REJECTED_OP_FMEM_NOT_SIMD_count,             0
FU_REJECTED_OP_FMEM_NOT_SIMD_pct,        0.000
FU_REJECTED_OP_FMEM_NOT_SIMD_total_count,             0
FU_REJECTED_OP_FMEM_NOT_SIMD_total_pct,        0.000

FU_REJECTED_OP_FCVT_NOT_SIMD_count,             0
FU_REJECTED_OP_FCVT_NOT_SIMD_pct,        0.000
FU_REJECTED_OP_FCVT_NOT_SIMD_total_count,             0
FU_REJECTED_OP_FCVT_NOT_SIMD_total_pct,        0.000

FU_REJECTED_OP_FADD_NOT_SIMD_count,             0
FU_REJECTED_OP_FADD_NOT_SIMD_pct,        0.000
FU_REJECTED_OP_FADD_NOT_SIMD_total_count,             0
FU_REJECTED_OP_FADD_NOT_SIMD_total_pct,        0.000

FU_REJECTED_OP_FMUL_NOT_SIMD_count,             0
FU_REJECTED_OP_FMUL_NOT_SIMD_pct,        0.000
FU_REJECTED_OP_FMUL_NOT_SIMD_total_count,             0
FU_REJECTED_OP_FMUL_NOT_SIMD_total_pct,        0.000

FU_REJECTED_OP_FMA_NOT_SIMD_count,             0
FU_REJECTED_OP_FMA_NOT_SIMD_pct,        0.000
FU_REJECTED_OP_FMA_NOT_SIMD_total_count,             0
FU_REJECTED_OP_FMA_NOT_SIMD_total_pct,        0.000

FU_REJECTED_OP_FDIV_NOT_SIMD_count,             0
FU_REJECTED_OP_FDIV_NOT_SIMD_pct,        0.000
FU_REJECTED_OP_FDIV_NOT_SIMD_total_count,             0
FU_REJECTED_OP_FDIV_NOT_SIMD_total_pct,        0.000

FU_REJECTED_OP_FCMP_NOT_SIMD_count,             0
FU_REJECTED_OP_FCMP_NOT_SIMD_pct,        0.000
FU_REJECTED_OP_FCMP_NOT_SIMD_total_count,             0
FU_REJECTED_OP_FCMP_NOT_SIMD_total_pct,        0.000

FU_REJECTED_OP_FCMOV_NOT_SIMD_count,             0
FU_REJECTED_OP_FCMOV_NOT_SIMD_pct,        0.000
FU_REJECTED_OP_FCMOV_NOT_SIMD_total_count,             0
FU_REJECTED_OP_FCMOV_NOT_SIMD_total_pct,        0.000

FU_REJECTED_OP_GATHER_NOT_SIMD_count,             0
FU_REJECTED_OP_GATHER_NOT_SIMD_pct,        0.000
FU_REJECTED_OP_GATHER_NOT_SIMD_total_count,             0
FU_REJECTED_OP_GATHER_NOT_SIMD_total_pct,        0.000

FU_REJECTED_OP_SCATTER_NOT_SIMD_count,             0
FU_REJECTED_OP_SCATTER_NOT_SIMD_pct,        0.000
FU_REJECTED_OP_SCATTER_NOT_SIMD_total_count,             0
FU_REJECTED_OP_SCATTER_NOT_SIMD_total_pct,        0.000

FU_REJECTED_OP_PIPELINED_FAST_NOT_SIMD_count,             0
FU_REJECTED_OP_PIPELINED_FAST_NOT_SIMD_pct,        0.000
FU_REJECTED_OP_PIPELINED_FAST_NOT_SIMD_total_count,             0
FU_REJECTED_OP_PIPELINED_FAST_NOT_SIMD_total_pct,        0.000

FU_REJECTED_OP_PIPELINED_MEDIUM_NOT_SIMD_count,             0
FU_REJECTED_OP_PIPELINED_MEDIUM_NOT_SIMD_pct,        0.000
FU_REJECTED_OP_PIPELINED_MEDIUM_NOT_SIMD_total_count,             0
FU_REJECTED_OP_PIPELINED_MEDIUM_NOT_SIMD_total_pct,        0.000

FU_REJECTED_OP_PIPELINED_SLOW_NOT_SIMD_count,             0
FU_REJECTED_OP_PIPELINED_SLOW_NOT_SIMD_pct,        0.000
FU_REJECTED_OP_PIPELINED_SLOW_NOT_SIMD_total_count,             0
FU_REJECTED_OP_PIPELINED_SLOW_NOT_SIMD_total_pct,        0.000

FU_REJECTED_OP_NOTPIPELINED_MEDIUM_NOT_SIMD_count,             0
FU_REJECTED_OP_NOTPIPELINED_MEDIUM_NOT_SIMD_pct,        0.000
FU_REJECTED_OP_NOTPIPELINED_MEDIUM_NOT_SIMD_total_count,             0
FU_REJECTED_OP_NOTPIPELINED_MEDIUM_NOT_SIMD_total_pct,        0.000

FU_REJECTED_OP_NOTPIPELINED_SLOW_NOT_SIMD_count,             0
FU_REJECTED_OP_NOTPIPELINED_SLOW_NOT_SIMD_pct,        0.000
FU_REJECTED_OP_NOTPIPELINED_SLOW_NOT_SIMD_total_count,             0
FU_REJECTED_OP_NOTPIPELINED_SLOW_NOT_SIMD_total_pct,        0.000

FU_REJECTED_OP_NOTPIPELINED_VERY_SLOW_NOT_SIMD_count,             0
FU_REJECTED_OP_NOTPIPELINED_VERY_SLOW_NOT_SIMD_pct,        0.000
FU_REJECTED_OP_NOTPIPELINED_VERY_SLOW_NOT_SIMD_total_count,             0
FU_REJECTED_OP_NOTPIPELINED_VERY_SLOW_NOT_SIMD_total_pct,        0.000

FU_REJECTED_OP_INV_SIMD_count,             0
FU_REJECTED_OP_INV_SIMD_pct,        0.000
FU_REJECTED_OP_INV_SIMD_total_count,             0
FU_REJECTED_OP_INV_SIMD_total_pct,        0.000

FU_REJECTED_OP_NOP_SIMD_count,             0
FU_REJECTED_OP_NOP_SIMD_pct,        0.000
FU_REJECTED_OP_NOP_SIMD_total_count,             0
FU_REJECTED_OP_NOP_SIMD_total_pct,        0.000

FU_REJECTED_OP_CF_SIMD_count,             0
FU_REJECTED_OP_CF_SIMD_pct,        0.000
FU_REJECTED_OP_CF_SIMD_total_count,             0
FU_REJECTED_OP_CF_SIMD_total_pct,        0.000

FU_REJECTED_OP_MOV_SIMD_count,             0
FU_REJECTED_OP_MOV_SIMD_pct,        0.000
FU_REJECTED_OP_MOV_SIMD_total_count,             0
FU_REJECTED_OP_MOV_SIMD_total_pct,        0.000

FU_REJECTED_OP_CMOV_SIMD_count,             0
FU_REJECTED_OP_CMOV_SIMD_pct,        0.000
FU_REJECTED_OP_CMOV_SIMD_total_count,             0
FU_REJECTED_OP_CMOV_SIMD_total_pct,        0.000

FU_REJECTED_OP_LDA_SIMD_count,             0
FU_REJECTED_OP_LDA_SIMD_pct,        0.000
FU_REJECTED_OP_LDA_SIMD_total_count,             0
FU_REJECTED_OP_LDA_SIMD_total_pct,        0.000

FU_REJECTED_OP_IMEM_SIMD_count,             0
FU_REJECTED_OP_IMEM_SIMD_pct,        0.000
FU_REJECTED_OP_IMEM_SIMD_total_count,             0
FU_REJECTED_OP_IMEM_SIMD_total_pct,        0.000

FU_REJECTED_OP_IADD_SIMD_count,             0
FU_REJECTED_OP_IADD_SIMD_pct,        0.000
FU_REJECTED_OP_IADD_SIMD_total_count,             0
FU_REJECTED_OP_IADD_SIMD_total_pct,        0.000

FU_REJECTED_OP_IMUL_SIMD_count,             0
FU_REJECTED_OP_IMUL_SIMD_pct,        0.000
FU_REJECTED_OP_IMUL_SIMD_total_count,             0
FU_REJECTED_OP_IMUL_SIMD_total_pct,        0.000

FU_REJECTED_OP_IDIV_SIMD_count,             0
FU_REJECTED_OP_IDIV_SIMD_pct,        0.000
FU_REJECTED_OP_IDIV_SIMD_total_count,             0
FU_REJECTED_OP_IDIV_SIMD_total_pct,        0.000

FU_REJECTED_OP_ICMP_SIMD_count,             0
FU_REJECTED_OP_ICMP_SIMD_pct,        0.000
FU_REJECTED_OP_ICMP_SIMD_total_count,             0
FU_REJECTED_OP_ICMP_SIMD_total_pct,        0.000

FU_REJECTED_OP_LOGIC_SIMD_count,             0
FU_REJECTED_OP_LOGIC_SIMD_pct,        0.000
FU_REJECTED_OP_LOGIC_SIMD_total_count,             0
FU_REJECTED_OP_LOGIC_SIMD_total_pct,        0.000

FU_REJECTED_OP_SHIFT_SIMD_count,             0
FU_REJECTED_OP_SHIFT_SIMD_pct,        0.000
FU_REJECTED_OP_SHIFT_SIMD_total_count,             0
FU_REJECTED_OP_SHIFT_SIMD_total_pct,        0.000

FU_REJECTED_OP_FMEM_SIMD_count,             0
FU_REJECTED_OP_FMEM_SIMD_pct,        0.000
FU_REJECTED_OP_FMEM_SIMD_total_count,             0
FU_REJECTED_OP_FMEM_SIMD_total_pct,        0.000

FU_REJECTED_OP_FCVT_SIMD_count,             0
FU_REJECTED_OP_FCVT_SIMD_pct,        0.000
FU_REJECTED_OP_FCVT_SIMD_total_count,             0
FU_REJECTED_OP_FCVT_SIMD_total_pct,        0.000

FU_REJECTED_OP_FADD_SIMD_count,             0
FU_REJECTED_OP_FADD_SIMD_pct,        0.000
FU_REJECTED_OP_FADD_SIMD_total_count,             0
FU_REJECTED_OP_FADD_SIMD_total_pct,        0.000

FU_REJECTED_OP_FMUL_SIMD_count,             0
FU_REJECTED_OP_FMUL_SIMD_pct,        0.000
FU_REJECTED_OP_FMUL_SIMD_total_count,             0
FU_REJECTED_OP_FMUL_SIMD_total_pct,        0.000

FU_REJECTED_OP_FMA_SIMD_count,             0
FU_REJECTED_OP_FMA_SIMD_pct,        0.000
FU_REJECTED_OP_FMA_SIMD_total_count,             0
FU_REJECTED_OP_FMA_SIMD_total_pct,        0.000

FU_REJECTED_OP_FDIV_SIMD_count,             0
FU_REJECTED_OP_FDIV_SIMD_pct,        0.000
FU_REJECTED_OP_FDIV_SIMD_total_count,             0
FU_REJECTED_OP_FDIV_SIMD_total_pct,        0.000

FU_REJECTED_OP_FCMP_SIMD_count,             0
FU_REJECTED_OP_FCMP_SIMD_pct,        0.000
FU_REJECTED_OP_FCMP_SIMD_total_count,             0
FU_REJECTED_OP_FCMP_SIMD_total_pct,        0.000

FU_REJECTED_OP_FCMOV_SIMD_count,             0
FU_REJECTED_OP_FCMOV_SIMD_pct,        0.000
FU_REJECTED_OP_FCMOV_SIMD_total_count,             0
FU_REJECTED_OP_FCMOV_SIMD_total_pct,        0.000

FU_REJECTED_OP_GATHER_SIMD_count,             0
FU_REJECTED_OP_GATHER_SIMD_pct,        0.000
FU_REJECTED_OP_GATHER_SIMD_total_count,             0
FU_REJECTED_OP_GATHER_SIMD_total_pct,        0.000

FU_REJECTED_OP_SCATTER_SIMD_count,             0
FU_REJECTED_OP_SCATTER_SIMD_pct,        0.000
FU_REJECTED_OP_SCATTER_SIMD_total_count,             0
FU_REJECTED_OP_SCATTER_SIMD_total_pct,        0.000

FU_REJECTED_OP_PIPELINED_FAST_SIMD_count,             0
FU_REJECTED_OP_PIPELINED_FAST_SIMD_pct,        0.000
FU_REJECTED_OP_PIPELINED_FAST_SIMD_total_count,             0
FU_REJECTED_OP_PIPELINED_FAST_SIMD_total_pct,        0.000

FU_REJECTED_OP_PIPELINED_MEDIUM_SIMD_count,             0
FU_REJECTED_OP_PIPELINED_MEDIUM_SIMD_pct,        0.000
FU_REJECTED_OP_PIPELINED_MEDIUM_SIMD_total_count,             0
FU_REJECTED_OP_PIPELINED_MEDIUM_SIMD_total_pct,        0.000

FU_REJECTED_OP_PIPELINED_SLOW_SIMD_count,             0
FU_REJECTED_OP_PIPELINED_SLOW_SIMD_pct,        0.000
FU_REJECTED_OP_PIPELINED_SLOW_SIMD_total_count,             0
FU_REJECTED_OP_PIPELINED_SLOW_SIMD_total_pct,        0.000

FU_REJECTED_OP_NOTPIPELINED_MEDIUM_SIMD_count,             0
FU_REJECTED_OP_NOTPIPELINED_MEDIUM_SIMD_pct,        0.000
FU_REJECTED_OP_NOTPIPELINED_MEDIUM_SIMD_total_count,             0
FU_REJECTED_OP_NOTPIPELINED_MEDIUM_SIMD_total_pct,        0.000

FU_REJECTED_OP_NOTPIPELINED_SLOW_SIMD_count,             0
FU_REJECTED_OP_NOTPIPELINED_SLOW_SIMD_pct,        0.000
FU_REJECTED_OP_NOTPIPELINED_SLOW_SIMD_total_count,             0
FU_REJECTED_OP_NOTPIPELINED_SLOW_SIMD_total_pct,        0.000

FU_REJECTED_OP_NOTPIPELINED_VERY_SLOW_SIMD_count,             0
FU_REJECTED_OP_NOTPIPELINED_VERY_SLOW_SIMD_pct,        0.000
FU_REJECTED_OP_NOTPIPELINED_VERY_SLOW_SIMD_total_count,             0
FU_REJECTED_OP_NOTPIPELINED_VERY_SLOW_SIMD_total_pct,        0.000
FU_REJECTED_OP_NOTPIPELINED_VERY_SLOW_SIMD_sum_count,        355097
FU_REJECTED_OP_NOTPIPELINED_VERY_SLOW_SIMD_sum_pct,      100.000
FU_REJECTED_OP_NOTPIPELINED_VERY_SLOW_SIMD_sum_total_count,        355097
FU_REJECTED_OP_NOTPIPELINED_VERY_SLOW_SIMD_sum_total_pct,      100.000
FU_REJECTED_OP_NOTPIPELINED_VERY_SLOW_SIMD_mean,         6.44
FU_REJECTED_OP_NOTPIPELINED_VERY_SLOW_SIMD_stddev,         1.85
FU_REJECTED_OP_NOTPIPELINED_VERY_SLOW_SIMD_total_mean,         6.44
FU_REJECTED_OP_NOTPIPELINED_VERY_SLOW_SIMD_total_stddev,         1.85

OP_WAIT_0_count,      64897509
OP_WAIT_0_total_count,      64897509

OP_WAIT_1_count,      35225939
OP_WAIT_1_total_count,      35225939

OP_WAIT_2_count,      10204383
OP_WAIT_2_total_count,      10204383

OP_WAIT_3_count,       3424998
OP_WAIT_3_total_count,       3424998

OP_WAIT_4_count,        979424
OP_WAIT_4_total_count,        979424

OP_WAIT_5_count,        535178
OP_WAIT_5_total_count,        535178

OP_WAIT_6_count,        364665
OP_WAIT_6_total_count,        364665

OP_WAIT_7_count,        340417
OP_WAIT_7_total_count,        340417

OP_WAIT_8_count,        180779
OP_WAIT_8_total_count,        180779

OP_WAIT_9_count,        286870
OP_WAIT_9_total_count,        286870

OP_WAIT_10_count,        196464
OP_WAIT_10_total_count,        196464

OP_WAIT_11_count,        161836
OP_WAIT_11_total_count,        161836

OP_WAIT_12_count,        180750
OP_WAIT_12_total_count,        180750

OP_WAIT_13_count,        205965
OP_WAIT_13_total_count,        205965

OP_WAIT_14_count,        185414
OP_WAIT_14_total_count,        185414

OP_WAIT_15_count,        191681
OP_WAIT_15_total_count,        191681

OP_WAIT_16_count,         96309
OP_WAIT_16_total_count,         96309

OP_WAIT_17_count,         89139
OP_WAIT_17_total_count,         89139

OP_WAIT_18_count,         59231
OP_WAIT_18_total_count,         59231

OP_WAIT_19_count,         56615
OP_WAIT_19_total_count,         56615

OP_WAIT_20_count,         37945
OP_WAIT_20_total_count,         37945

OP_WAIT_21_count,         29137
OP_WAIT_21_total_count,         29137

OP_WAIT_22_count,         20819
OP_WAIT_22_total_count,         20819

OP_WAIT_23_count,         13665
OP_WAIT_23_total_count,         13665

OP_WAIT_24_count,         13474
OP_WAIT_24_total_count,         13474

OP_WAIT_25_count,          7169
OP_WAIT_25_total_count,          7169

OP_WAIT_26_count,          6306
OP_WAIT_26_total_count,          6306

OP_WAIT_27_count,         19274
OP_WAIT_27_total_count,         19274

OP_WAIT_28_count,          3532
OP_WAIT_28_total_count,          3532

OP_WAIT_29_count,          2341
OP_WAIT_29_total_count,          2341

OP_WAIT_30_count,          2276
OP_WAIT_30_total_count,          2276

OP_WAIT_31_count,        408302
OP_WAIT_31_total_count,        408302

ROW_SIZE_0_count,      49063118
ROW_SIZE_0_total_count,      49063118

ROW_SIZE_1_count,      12290070
ROW_SIZE_1_total_count,      12290070

ROW_SIZE_2_count,       1134102
ROW_SIZE_2_total_count,       1134102

ROW_SIZE_3_count,       2505667
ROW_SIZE_3_total_count,       2505667

ROW_SIZE_4_count,       2327791
ROW_SIZE_4_total_count,       2327791

ROW_SIZE_5_count,        923295
ROW_SIZE_5_total_count,        923295

ROW_SIZE_6_count,      13737482
ROW_SIZE_6_total_count,      13737482

ROW_SIZE_7_count,             0
ROW_SIZE_7_total_count,             0

ROW_SIZE_8_count,             0
ROW_SIZE_8_total_count,             0

ROW_SIZE_9_count,             0
ROW_SIZE_9_total_count,             0

ROW_SIZE_10_count,             0
ROW_SIZE_10_total_count,             0

ROW_SIZE_11_count,             0
ROW_SIZE_11_total_count,             0

ROW_SIZE_12_count,             0
ROW_SIZE_12_total_count,             0

ROW_SIZE_13_count,             0
ROW_SIZE_13_total_count,             0

ROW_SIZE_14_count,             0
ROW_SIZE_14_total_count,             0

ROW_SIZE_15_count,             0
ROW_SIZE_15_total_count,             0

ROW_SIZE_16_count,             0
ROW_SIZE_16_total_count,             0

ROW_SIZE_17_count,             0
ROW_SIZE_17_total_count,             0

ROW_SIZE_18_count,             0
ROW_SIZE_18_total_count,             0

ROW_SIZE_19_count,             0
ROW_SIZE_19_total_count,             0

ROW_SIZE_20_count,             0
ROW_SIZE_20_total_count,             0

ROW_SIZE_21_count,             0
ROW_SIZE_21_total_count,             0

ROW_SIZE_22_count,             0
ROW_SIZE_22_total_count,             0

ROW_SIZE_23_count,             0
ROW_SIZE_23_total_count,             0

ROW_SIZE_24_count,             0
ROW_SIZE_24_total_count,             0

ROW_SIZE_25_count,             0
ROW_SIZE_25_total_count,             0

ROW_SIZE_26_count,             0
ROW_SIZE_26_total_count,             0

ROW_SIZE_27_count,             0
ROW_SIZE_27_total_count,             0

ROW_SIZE_28_count,             0
ROW_SIZE_28_total_count,             0

ROW_SIZE_29_count,             0
ROW_SIZE_29_total_count,             0

ROW_SIZE_30_count,             0
ROW_SIZE_30_total_count,             0

ROW_SIZE_31_count,             0
ROW_SIZE_31_total_count,             0

RET_OP_EXEC_COUNT_0_count,             0
RET_OP_EXEC_COUNT_0_pct,        0.000
RET_OP_EXEC_COUNT_0_total_count,             0
RET_OP_EXEC_COUNT_0_total_pct,        0.000

RET_OP_EXEC_COUNT_1_count,     118427806
RET_OP_EXEC_COUNT_1_pct,      100.000
RET_OP_EXEC_COUNT_1_total_count,     118427806
RET_OP_EXEC_COUNT_1_total_pct,      100.000

RET_OP_EXEC_COUNT_2_count,             0
RET_OP_EXEC_COUNT_2_pct,        0.000
RET_OP_EXEC_COUNT_2_total_count,             0
RET_OP_EXEC_COUNT_2_total_pct,        0.000

RET_OP_EXEC_COUNT_3_count,             0
RET_OP_EXEC_COUNT_3_pct,        0.000
RET_OP_EXEC_COUNT_3_total_count,             0
RET_OP_EXEC_COUNT_3_total_pct,        0.000

RET_OP_EXEC_COUNT_4_count,             0
RET_OP_EXEC_COUNT_4_pct,        0.000
RET_OP_EXEC_COUNT_4_total_count,             0
RET_OP_EXEC_COUNT_4_total_pct,        0.000

RET_OP_EXEC_COUNT_5_count,             0
RET_OP_EXEC_COUNT_5_pct,        0.000
RET_OP_EXEC_COUNT_5_total_count,             0
RET_OP_EXEC_COUNT_5_total_pct,        0.000

RET_OP_EXEC_COUNT_6_count,             0
RET_OP_EXEC_COUNT_6_pct,        0.000
RET_OP_EXEC_COUNT_6_total_count,             0
RET_OP_EXEC_COUNT_6_total_pct,        0.000

RET_OP_EXEC_COUNT_7_count,             0
RET_OP_EXEC_COUNT_7_pct,        0.000
RET_OP_EXEC_COUNT_7_total_count,             0
RET_OP_EXEC_COUNT_7_total_pct,        0.000

RET_OP_EXEC_COUNT_8_count,             0
RET_OP_EXEC_COUNT_8_pct,        0.000
RET_OP_EXEC_COUNT_8_total_count,             0
RET_OP_EXEC_COUNT_8_total_pct,        0.000

RET_OP_EXEC_COUNT_9_count,             0
RET_OP_EXEC_COUNT_9_pct,        0.000
RET_OP_EXEC_COUNT_9_total_count,             0
RET_OP_EXEC_COUNT_9_total_pct,        0.000

RET_OP_EXEC_COUNT_10_count,             0
RET_OP_EXEC_COUNT_10_pct,        0.000
RET_OP_EXEC_COUNT_10_total_count,             0
RET_OP_EXEC_COUNT_10_total_pct,        0.000

RET_OP_EXEC_COUNT_11_count,             0
RET_OP_EXEC_COUNT_11_pct,        0.000
RET_OP_EXEC_COUNT_11_total_count,             0
RET_OP_EXEC_COUNT_11_total_pct,        0.000

RET_OP_EXEC_COUNT_12_count,             0
RET_OP_EXEC_COUNT_12_pct,        0.000
RET_OP_EXEC_COUNT_12_total_count,             0
RET_OP_EXEC_COUNT_12_total_pct,        0.000

RET_OP_EXEC_COUNT_13_count,             0
RET_OP_EXEC_COUNT_13_pct,        0.000
RET_OP_EXEC_COUNT_13_total_count,             0
RET_OP_EXEC_COUNT_13_total_pct,        0.000

RET_OP_EXEC_COUNT_14_count,             0
RET_OP_EXEC_COUNT_14_pct,        0.000
RET_OP_EXEC_COUNT_14_total_count,             0
RET_OP_EXEC_COUNT_14_total_pct,        0.000

RET_OP_EXEC_COUNT_15_count,             0
RET_OP_EXEC_COUNT_15_pct,        0.000
RET_OP_EXEC_COUNT_15_total_count,             0
RET_OP_EXEC_COUNT_15_total_pct,        0.000

RET_OP_EXEC_COUNT_16_count,             0
RET_OP_EXEC_COUNT_16_pct,        0.000
RET_OP_EXEC_COUNT_16_total_count,             0
RET_OP_EXEC_COUNT_16_total_pct,        0.000

RET_OP_EXEC_COUNT_17_count,             0
RET_OP_EXEC_COUNT_17_pct,        0.000
RET_OP_EXEC_COUNT_17_total_count,             0
RET_OP_EXEC_COUNT_17_total_pct,        0.000

RET_OP_EXEC_COUNT_18_count,             0
RET_OP_EXEC_COUNT_18_pct,        0.000
RET_OP_EXEC_COUNT_18_total_count,             0
RET_OP_EXEC_COUNT_18_total_pct,        0.000

RET_OP_EXEC_COUNT_19_count,             0
RET_OP_EXEC_COUNT_19_pct,        0.000
RET_OP_EXEC_COUNT_19_total_count,             0
RET_OP_EXEC_COUNT_19_total_pct,        0.000

RET_OP_EXEC_COUNT_20_count,             0
RET_OP_EXEC_COUNT_20_pct,        0.000
RET_OP_EXEC_COUNT_20_total_count,             0
RET_OP_EXEC_COUNT_20_total_pct,        0.000

RET_OP_EXEC_COUNT_21_count,             0
RET_OP_EXEC_COUNT_21_pct,        0.000
RET_OP_EXEC_COUNT_21_total_count,             0
RET_OP_EXEC_COUNT_21_total_pct,        0.000

RET_OP_EXEC_COUNT_22_count,             0
RET_OP_EXEC_COUNT_22_pct,        0.000
RET_OP_EXEC_COUNT_22_total_count,             0
RET_OP_EXEC_COUNT_22_total_pct,        0.000

RET_OP_EXEC_COUNT_23_count,             0
RET_OP_EXEC_COUNT_23_pct,        0.000
RET_OP_EXEC_COUNT_23_total_count,             0
RET_OP_EXEC_COUNT_23_total_pct,        0.000

RET_OP_EXEC_COUNT_24_count,             0
RET_OP_EXEC_COUNT_24_pct,        0.000
RET_OP_EXEC_COUNT_24_total_count,             0
RET_OP_EXEC_COUNT_24_total_pct,        0.000

RET_OP_EXEC_COUNT_25_count,             0
RET_OP_EXEC_COUNT_25_pct,        0.000
RET_OP_EXEC_COUNT_25_total_count,             0
RET_OP_EXEC_COUNT_25_total_pct,        0.000

RET_OP_EXEC_COUNT_26_count,             0
RET_OP_EXEC_COUNT_26_pct,        0.000
RET_OP_EXEC_COUNT_26_total_count,             0
RET_OP_EXEC_COUNT_26_total_pct,        0.000

RET_OP_EXEC_COUNT_27_count,             0
RET_OP_EXEC_COUNT_27_pct,        0.000
RET_OP_EXEC_COUNT_27_total_count,             0
RET_OP_EXEC_COUNT_27_total_pct,        0.000

RET_OP_EXEC_COUNT_28_count,             0
RET_OP_EXEC_COUNT_28_pct,        0.000
RET_OP_EXEC_COUNT_28_total_count,             0
RET_OP_EXEC_COUNT_28_total_pct,        0.000

RET_OP_EXEC_COUNT_29_count,             0
RET_OP_EXEC_COUNT_29_pct,        0.000
RET_OP_EXEC_COUNT_29_total_count,             0
RET_OP_EXEC_COUNT_29_total_pct,        0.000

RET_OP_EXEC_COUNT_30_count,             0
RET_OP_EXEC_COUNT_30_pct,        0.000
RET_OP_EXEC_COUNT_30_total_count,             0
RET_OP_EXEC_COUNT_30_total_pct,        0.000

RET_OP_EXEC_COUNT_31_count,             0
RET_OP_EXEC_COUNT_31_pct,        0.000
RET_OP_EXEC_COUNT_31_total_count,             0
RET_OP_EXEC_COUNT_31_total_pct,        0.000

RET_OP_EXEC_COUNT_32_count,             0
RET_OP_EXEC_COUNT_32_pct,        0.000
RET_OP_EXEC_COUNT_32_total_count,             0
RET_OP_EXEC_COUNT_32_total_pct,        0.000
RET_OP_EXEC_COUNT_32_sum_count,     118427806
RET_OP_EXEC_COUNT_32_sum_pct,      100.000
RET_OP_EXEC_COUNT_32_sum_total_count,     118427806
RET_OP_EXEC_COUNT_32_sum_total_pct,      100.000
RET_OP_EXEC_COUNT_32_mean,         1.00
RET_OP_EXEC_COUNT_32_stddev,         0.00
RET_OP_EXEC_COUNT_32_total_mean,         1.00
RET_OP_EXEC_COUNT_32_total_stddev,         0.00

RET_STALL_LENGTH_0_count,     118408304
RET_STALL_LENGTH_0_pct,       99.984
RET_STALL_LENGTH_0_total_count,     118408304
RET_STALL_LENGTH_0_total_pct,       99.984

RET_STALL_LENGTH_100_count,         17939
RET_STALL_LENGTH_100_pct,        0.015
RET_STALL_LENGTH_100_total_count,         17939
RET_STALL_LENGTH_100_total_pct,        0.015

RET_STALL_LENGTH_200_count,           630
RET_STALL_LENGTH_200_pct,        0.001
RET_STALL_LENGTH_200_total_count,           630
RET_STALL_LENGTH_200_total_pct,        0.001

RET_STALL_LENGTH_300_count,           380
RET_STALL_LENGTH_300_pct,        0.000
RET_STALL_LENGTH_300_total_count,           380
RET_STALL_LENGTH_300_total_pct,        0.000

RET_STALL_LENGTH_400_count,           124
RET_STALL_LENGTH_400_pct,        0.000
RET_STALL_LENGTH_400_total_count,           124
RET_STALL_LENGTH_400_total_pct,        0.000

RET_STALL_LENGTH_500_count,            72
RET_STALL_LENGTH_500_pct,        0.000
RET_STALL_LENGTH_500_total_count,            72
RET_STALL_LENGTH_500_total_pct,        0.000

RET_STALL_LENGTH_600_count,            31
RET_STALL_LENGTH_600_pct,        0.000
RET_STALL_LENGTH_600_total_count,            31
RET_STALL_LENGTH_600_total_pct,        0.000

RET_STALL_LENGTH_700_count,            23
RET_STALL_LENGTH_700_pct,        0.000
RET_STALL_LENGTH_700_total_count,            23
RET_STALL_LENGTH_700_total_pct,        0.000

RET_STALL_LENGTH_800_count,            28
RET_STALL_LENGTH_800_pct,        0.000
RET_STALL_LENGTH_800_total_count,            28
RET_STALL_LENGTH_800_total_pct,        0.000

RET_STALL_LENGTH_900_count,            26
RET_STALL_LENGTH_900_pct,        0.000
RET_STALL_LENGTH_900_total_count,            26
RET_STALL_LENGTH_900_total_pct,        0.000

RET_STALL_LENGTH_1000_count,            30
RET_STALL_LENGTH_1000_pct,        0.000
RET_STALL_LENGTH_1000_total_count,            30
RET_STALL_LENGTH_1000_total_pct,        0.000

RET_STALL_LENGTH_1100_count,            74
RET_STALL_LENGTH_1100_pct,        0.000
RET_STALL_LENGTH_1100_total_count,            74
RET_STALL_LENGTH_1100_total_pct,        0.000

RET_STALL_LENGTH_1200_count,           114
RET_STALL_LENGTH_1200_pct,        0.000
RET_STALL_LENGTH_1200_total_count,           114
RET_STALL_LENGTH_1200_total_pct,        0.000

RET_STALL_LENGTH_1300_count,            20
RET_STALL_LENGTH_1300_pct,        0.000
RET_STALL_LENGTH_1300_total_count,            20
RET_STALL_LENGTH_1300_total_pct,        0.000

RET_STALL_LENGTH_1400_count,             6
RET_STALL_LENGTH_1400_pct,        0.000
RET_STALL_LENGTH_1400_total_count,             6
RET_STALL_LENGTH_1400_total_pct,        0.000

RET_STALL_LENGTH_1500_count,             2
RET_STALL_LENGTH_1500_pct,        0.000
RET_STALL_LENGTH_1500_total_count,             2
RET_STALL_LENGTH_1500_total_pct,        0.000

RET_STALL_LENGTH_1600_count,             2
RET_STALL_LENGTH_1600_pct,        0.000
RET_STALL_LENGTH_1600_total_count,             2
RET_STALL_LENGTH_1600_total_pct,        0.000

RET_STALL_LENGTH_1700_count,             1
RET_STALL_LENGTH_1700_pct,        0.000
RET_STALL_LENGTH_1700_total_count,             1
RET_STALL_LENGTH_1700_total_pct,        0.000

RET_STALL_LENGTH_1800_count,             0
RET_STALL_LENGTH_1800_pct,        0.000
RET_STALL_LENGTH_1800_total_count,             0
RET_STALL_LENGTH_1800_total_pct,        0.000

RET_STALL_LENGTH_1900_count,             0
RET_STALL_LENGTH_1900_pct,        0.000
RET_STALL_LENGTH_1900_total_count,             0
RET_STALL_LENGTH_1900_total_pct,        0.000

RET_STALL_LENGTH_2000_count,             0
RET_STALL_LENGTH_2000_pct,        0.000
RET_STALL_LENGTH_2000_total_count,             0
RET_STALL_LENGTH_2000_total_pct,        0.000

RET_STALL_LENGTH_2100_count,             0
RET_STALL_LENGTH_2100_pct,        0.000
RET_STALL_LENGTH_2100_total_count,             0
RET_STALL_LENGTH_2100_total_pct,        0.000

RET_STALL_LENGTH_2200_count,             0
RET_STALL_LENGTH_2200_pct,        0.000
RET_STALL_LENGTH_2200_total_count,             0
RET_STALL_LENGTH_2200_total_pct,        0.000

RET_STALL_LENGTH_2300_count,             0
RET_STALL_LENGTH_2300_pct,        0.000
RET_STALL_LENGTH_2300_total_count,             0
RET_STALL_LENGTH_2300_total_pct,        0.000

RET_STALL_LENGTH_2400_count,             0
RET_STALL_LENGTH_2400_pct,        0.000
RET_STALL_LENGTH_2400_total_count,             0
RET_STALL_LENGTH_2400_total_pct,        0.000

RET_STALL_LENGTH_2500_count,             0
RET_STALL_LENGTH_2500_pct,        0.000
RET_STALL_LENGTH_2500_total_count,             0
RET_STALL_LENGTH_2500_total_pct,        0.000

RET_STALL_LENGTH_2600_count,             0
RET_STALL_LENGTH_2600_pct,        0.000
RET_STALL_LENGTH_2600_total_count,             0
RET_STALL_LENGTH_2600_total_pct,        0.000

RET_STALL_LENGTH_2700_count,             0
RET_STALL_LENGTH_2700_pct,        0.000
RET_STALL_LENGTH_2700_total_count,             0
RET_STALL_LENGTH_2700_total_pct,        0.000

RET_STALL_LENGTH_2800_count,             0
RET_STALL_LENGTH_2800_pct,        0.000
RET_STALL_LENGTH_2800_total_count,             0
RET_STALL_LENGTH_2800_total_pct,        0.000

RET_STALL_LENGTH_2900_count,             0
RET_STALL_LENGTH_2900_pct,        0.000
RET_STALL_LENGTH_2900_total_count,             0
RET_STALL_LENGTH_2900_total_pct,        0.000

RET_STALL_LENGTH_3000_count,             0
RET_STALL_LENGTH_3000_pct,        0.000
RET_STALL_LENGTH_3000_total_count,             0
RET_STALL_LENGTH_3000_total_pct,        0.000

RET_STALL_LENGTH_3100_count,             0
RET_STALL_LENGTH_3100_pct,        0.000
RET_STALL_LENGTH_3100_total_count,             0
RET_STALL_LENGTH_3100_total_pct,        0.000

RET_STALL_LENGTH_3200_count,             0
RET_STALL_LENGTH_3200_pct,        0.000
RET_STALL_LENGTH_3200_total_count,             0
RET_STALL_LENGTH_3200_total_pct,        0.000

RET_STALL_LENGTH_3300_count,             0
RET_STALL_LENGTH_3300_pct,        0.000
RET_STALL_LENGTH_3300_total_count,             0
RET_STALL_LENGTH_3300_total_pct,        0.000

RET_STALL_LENGTH_3400_count,             0
RET_STALL_LENGTH_3400_pct,        0.000
RET_STALL_LENGTH_3400_total_count,             0
RET_STALL_LENGTH_3400_total_pct,        0.000

RET_STALL_LENGTH_3500_count,             0
RET_STALL_LENGTH_3500_pct,        0.000
RET_STALL_LENGTH_3500_total_count,             0
RET_STALL_LENGTH_3500_total_pct,        0.000

RET_STALL_LENGTH_3600_count,             0
RET_STALL_LENGTH_3600_pct,        0.000
RET_STALL_LENGTH_3600_total_count,             0
RET_STALL_LENGTH_3600_total_pct,        0.000

RET_STALL_LENGTH_3700_count,             0
RET_STALL_LENGTH_3700_pct,        0.000
RET_STALL_LENGTH_3700_total_count,             0
RET_STALL_LENGTH_3700_total_pct,        0.000

RET_STALL_LENGTH_3800_count,             0
RET_STALL_LENGTH_3800_pct,        0.000
RET_STALL_LENGTH_3800_total_count,             0
RET_STALL_LENGTH_3800_total_pct,        0.000

RET_STALL_LENGTH_3900_count,             0
RET_STALL_LENGTH_3900_pct,        0.000
RET_STALL_LENGTH_3900_total_count,             0
RET_STALL_LENGTH_3900_total_pct,        0.000

RET_STALL_LENGTH_4000_count,             0
RET_STALL_LENGTH_4000_pct,        0.000
RET_STALL_LENGTH_4000_total_count,             0
RET_STALL_LENGTH_4000_total_pct,        0.000

RET_STALL_LENGTH_4100_count,             0
RET_STALL_LENGTH_4100_pct,        0.000
RET_STALL_LENGTH_4100_total_count,             0
RET_STALL_LENGTH_4100_total_pct,        0.000

RET_STALL_LENGTH_4200_count,             0
RET_STALL_LENGTH_4200_pct,        0.000
RET_STALL_LENGTH_4200_total_count,             0
RET_STALL_LENGTH_4200_total_pct,        0.000

RET_STALL_LENGTH_4300_count,             0
RET_STALL_LENGTH_4300_pct,        0.000
RET_STALL_LENGTH_4300_total_count,             0
RET_STALL_LENGTH_4300_total_pct,        0.000

RET_STALL_LENGTH_4400_count,             0
RET_STALL_LENGTH_4400_pct,        0.000
RET_STALL_LENGTH_4400_total_count,             0
RET_STALL_LENGTH_4400_total_pct,        0.000

RET_STALL_LENGTH_4500_count,             0
RET_STALL_LENGTH_4500_pct,        0.000
RET_STALL_LENGTH_4500_total_count,             0
RET_STALL_LENGTH_4500_total_pct,        0.000

RET_STALL_LENGTH_4600_count,             0
RET_STALL_LENGTH_4600_pct,        0.000
RET_STALL_LENGTH_4600_total_count,             0
RET_STALL_LENGTH_4600_total_pct,        0.000

RET_STALL_LENGTH_4700_count,             0
RET_STALL_LENGTH_4700_pct,        0.000
RET_STALL_LENGTH_4700_total_count,             0
RET_STALL_LENGTH_4700_total_pct,        0.000

RET_STALL_LENGTH_4800_count,             0
RET_STALL_LENGTH_4800_pct,        0.000
RET_STALL_LENGTH_4800_total_count,             0
RET_STALL_LENGTH_4800_total_pct,        0.000

RET_STALL_LENGTH_4900_count,             0
RET_STALL_LENGTH_4900_pct,        0.000
RET_STALL_LENGTH_4900_total_count,             0
RET_STALL_LENGTH_4900_total_pct,        0.000

RET_STALL_LENGTH_5000_count,             0
RET_STALL_LENGTH_5000_pct,        0.000
RET_STALL_LENGTH_5000_total_count,             0
RET_STALL_LENGTH_5000_total_pct,        0.000
RET_STALL_LENGTH_5000_sum_count,     118427806
RET_STALL_LENGTH_5000_sum_pct,      100.000
RET_STALL_LENGTH_5000_sum_total_count,     118427806
RET_STALL_LENGTH_5000_sum_total_pct,      100.000
RET_STALL_LENGTH_5000_mean,         0.00
RET_STALL_LENGTH_5000_stddev,         0.02
RET_STALL_LENGTH_5000_total_mean,         0.00
RET_STALL_LENGTH_5000_total_stddev,         0.02

MEM_BLOCK_LENGTH_0_count,          6274
MEM_BLOCK_LENGTH_0_pct,       94.859
MEM_BLOCK_LENGTH_0_total_count,          6274
MEM_BLOCK_LENGTH_0_total_pct,       94.859

MEM_BLOCK_LENGTH_100_count,           336
MEM_BLOCK_LENGTH_100_pct,        5.080
MEM_BLOCK_LENGTH_100_total_count,           336
MEM_BLOCK_LENGTH_100_total_pct,        5.080

MEM_BLOCK_LENGTH_200_count,             4
MEM_BLOCK_LENGTH_200_pct,        0.060
MEM_BLOCK_LENGTH_200_total_count,             4
MEM_BLOCK_LENGTH_200_total_pct,        0.060

MEM_BLOCK_LENGTH_300_count,             0
MEM_BLOCK_LENGTH_300_pct,        0.000
MEM_BLOCK_LENGTH_300_total_count,             0
MEM_BLOCK_LENGTH_300_total_pct,        0.000

MEM_BLOCK_LENGTH_400_count,             0
MEM_BLOCK_LENGTH_400_pct,        0.000
MEM_BLOCK_LENGTH_400_total_count,             0
MEM_BLOCK_LENGTH_400_total_pct,        0.000

MEM_BLOCK_LENGTH_500_count,             0
MEM_BLOCK_LENGTH_500_pct,        0.000
MEM_BLOCK_LENGTH_500_total_count,             0
MEM_BLOCK_LENGTH_500_total_pct,        0.000

MEM_BLOCK_LENGTH_600_count,             0
MEM_BLOCK_LENGTH_600_pct,        0.000
MEM_BLOCK_LENGTH_600_total_count,             0
MEM_BLOCK_LENGTH_600_total_pct,        0.000

MEM_BLOCK_LENGTH_700_count,             0
MEM_BLOCK_LENGTH_700_pct,        0.000
MEM_BLOCK_LENGTH_700_total_count,             0
MEM_BLOCK_LENGTH_700_total_pct,        0.000

MEM_BLOCK_LENGTH_800_count,             0
MEM_BLOCK_LENGTH_800_pct,        0.000
MEM_BLOCK_LENGTH_800_total_count,             0
MEM_BLOCK_LENGTH_800_total_pct,        0.000

MEM_BLOCK_LENGTH_900_count,             0
MEM_BLOCK_LENGTH_900_pct,        0.000
MEM_BLOCK_LENGTH_900_total_count,             0
MEM_BLOCK_LENGTH_900_total_pct,        0.000

MEM_BLOCK_LENGTH_1000_count,             0
MEM_BLOCK_LENGTH_1000_pct,        0.000
MEM_BLOCK_LENGTH_1000_total_count,             0
MEM_BLOCK_LENGTH_1000_total_pct,        0.000

MEM_BLOCK_LENGTH_1100_count,             0
MEM_BLOCK_LENGTH_1100_pct,        0.000
MEM_BLOCK_LENGTH_1100_total_count,             0
MEM_BLOCK_LENGTH_1100_total_pct,        0.000

MEM_BLOCK_LENGTH_1200_count,             0
MEM_BLOCK_LENGTH_1200_pct,        0.000
MEM_BLOCK_LENGTH_1200_total_count,             0
MEM_BLOCK_LENGTH_1200_total_pct,        0.000

MEM_BLOCK_LENGTH_1300_count,             0
MEM_BLOCK_LENGTH_1300_pct,        0.000
MEM_BLOCK_LENGTH_1300_total_count,             0
MEM_BLOCK_LENGTH_1300_total_pct,        0.000

MEM_BLOCK_LENGTH_1400_count,             0
MEM_BLOCK_LENGTH_1400_pct,        0.000
MEM_BLOCK_LENGTH_1400_total_count,             0
MEM_BLOCK_LENGTH_1400_total_pct,        0.000

MEM_BLOCK_LENGTH_1500_count,             0
MEM_BLOCK_LENGTH_1500_pct,        0.000
MEM_BLOCK_LENGTH_1500_total_count,             0
MEM_BLOCK_LENGTH_1500_total_pct,        0.000

MEM_BLOCK_LENGTH_1600_count,             0
MEM_BLOCK_LENGTH_1600_pct,        0.000
MEM_BLOCK_LENGTH_1600_total_count,             0
MEM_BLOCK_LENGTH_1600_total_pct,        0.000

MEM_BLOCK_LENGTH_1700_count,             0
MEM_BLOCK_LENGTH_1700_pct,        0.000
MEM_BLOCK_LENGTH_1700_total_count,             0
MEM_BLOCK_LENGTH_1700_total_pct,        0.000

MEM_BLOCK_LENGTH_1800_count,             0
MEM_BLOCK_LENGTH_1800_pct,        0.000
MEM_BLOCK_LENGTH_1800_total_count,             0
MEM_BLOCK_LENGTH_1800_total_pct,        0.000

MEM_BLOCK_LENGTH_1900_count,             0
MEM_BLOCK_LENGTH_1900_pct,        0.000
MEM_BLOCK_LENGTH_1900_total_count,             0
MEM_BLOCK_LENGTH_1900_total_pct,        0.000

MEM_BLOCK_LENGTH_2000_count,             0
MEM_BLOCK_LENGTH_2000_pct,        0.000
MEM_BLOCK_LENGTH_2000_total_count,             0
MEM_BLOCK_LENGTH_2000_total_pct,        0.000

MEM_BLOCK_LENGTH_2100_count,             0
MEM_BLOCK_LENGTH_2100_pct,        0.000
MEM_BLOCK_LENGTH_2100_total_count,             0
MEM_BLOCK_LENGTH_2100_total_pct,        0.000

MEM_BLOCK_LENGTH_2200_count,             0
MEM_BLOCK_LENGTH_2200_pct,        0.000
MEM_BLOCK_LENGTH_2200_total_count,             0
MEM_BLOCK_LENGTH_2200_total_pct,        0.000

MEM_BLOCK_LENGTH_2300_count,             0
MEM_BLOCK_LENGTH_2300_pct,        0.000
MEM_BLOCK_LENGTH_2300_total_count,             0
MEM_BLOCK_LENGTH_2300_total_pct,        0.000

MEM_BLOCK_LENGTH_2400_count,             0
MEM_BLOCK_LENGTH_2400_pct,        0.000
MEM_BLOCK_LENGTH_2400_total_count,             0
MEM_BLOCK_LENGTH_2400_total_pct,        0.000

MEM_BLOCK_LENGTH_2500_count,             0
MEM_BLOCK_LENGTH_2500_pct,        0.000
MEM_BLOCK_LENGTH_2500_total_count,             0
MEM_BLOCK_LENGTH_2500_total_pct,        0.000

MEM_BLOCK_LENGTH_2600_count,             0
MEM_BLOCK_LENGTH_2600_pct,        0.000
MEM_BLOCK_LENGTH_2600_total_count,             0
MEM_BLOCK_LENGTH_2600_total_pct,        0.000

MEM_BLOCK_LENGTH_2700_count,             0
MEM_BLOCK_LENGTH_2700_pct,        0.000
MEM_BLOCK_LENGTH_2700_total_count,             0
MEM_BLOCK_LENGTH_2700_total_pct,        0.000

MEM_BLOCK_LENGTH_2800_count,             0
MEM_BLOCK_LENGTH_2800_pct,        0.000
MEM_BLOCK_LENGTH_2800_total_count,             0
MEM_BLOCK_LENGTH_2800_total_pct,        0.000

MEM_BLOCK_LENGTH_2900_count,             0
MEM_BLOCK_LENGTH_2900_pct,        0.000
MEM_BLOCK_LENGTH_2900_total_count,             0
MEM_BLOCK_LENGTH_2900_total_pct,        0.000

MEM_BLOCK_LENGTH_3000_count,             0
MEM_BLOCK_LENGTH_3000_pct,        0.000
MEM_BLOCK_LENGTH_3000_total_count,             0
MEM_BLOCK_LENGTH_3000_total_pct,        0.000

MEM_BLOCK_LENGTH_3100_count,             0
MEM_BLOCK_LENGTH_3100_pct,        0.000
MEM_BLOCK_LENGTH_3100_total_count,             0
MEM_BLOCK_LENGTH_3100_total_pct,        0.000

MEM_BLOCK_LENGTH_3200_count,             0
MEM_BLOCK_LENGTH_3200_pct,        0.000
MEM_BLOCK_LENGTH_3200_total_count,             0
MEM_BLOCK_LENGTH_3200_total_pct,        0.000

MEM_BLOCK_LENGTH_3300_count,             0
MEM_BLOCK_LENGTH_3300_pct,        0.000
MEM_BLOCK_LENGTH_3300_total_count,             0
MEM_BLOCK_LENGTH_3300_total_pct,        0.000

MEM_BLOCK_LENGTH_3400_count,             0
MEM_BLOCK_LENGTH_3400_pct,        0.000
MEM_BLOCK_LENGTH_3400_total_count,             0
MEM_BLOCK_LENGTH_3400_total_pct,        0.000

MEM_BLOCK_LENGTH_3500_count,             0
MEM_BLOCK_LENGTH_3500_pct,        0.000
MEM_BLOCK_LENGTH_3500_total_count,             0
MEM_BLOCK_LENGTH_3500_total_pct,        0.000

MEM_BLOCK_LENGTH_3600_count,             0
MEM_BLOCK_LENGTH_3600_pct,        0.000
MEM_BLOCK_LENGTH_3600_total_count,             0
MEM_BLOCK_LENGTH_3600_total_pct,        0.000

MEM_BLOCK_LENGTH_3700_count,             0
MEM_BLOCK_LENGTH_3700_pct,        0.000
MEM_BLOCK_LENGTH_3700_total_count,             0
MEM_BLOCK_LENGTH_3700_total_pct,        0.000

MEM_BLOCK_LENGTH_3800_count,             0
MEM_BLOCK_LENGTH_3800_pct,        0.000
MEM_BLOCK_LENGTH_3800_total_count,             0
MEM_BLOCK_LENGTH_3800_total_pct,        0.000

MEM_BLOCK_LENGTH_3900_count,             0
MEM_BLOCK_LENGTH_3900_pct,        0.000
MEM_BLOCK_LENGTH_3900_total_count,             0
MEM_BLOCK_LENGTH_3900_total_pct,        0.000

MEM_BLOCK_LENGTH_4000_count,             0
MEM_BLOCK_LENGTH_4000_pct,        0.000
MEM_BLOCK_LENGTH_4000_total_count,             0
MEM_BLOCK_LENGTH_4000_total_pct,        0.000

MEM_BLOCK_LENGTH_4100_count,             0
MEM_BLOCK_LENGTH_4100_pct,        0.000
MEM_BLOCK_LENGTH_4100_total_count,             0
MEM_BLOCK_LENGTH_4100_total_pct,        0.000

MEM_BLOCK_LENGTH_4200_count,             0
MEM_BLOCK_LENGTH_4200_pct,        0.000
MEM_BLOCK_LENGTH_4200_total_count,             0
MEM_BLOCK_LENGTH_4200_total_pct,        0.000

MEM_BLOCK_LENGTH_4300_count,             0
MEM_BLOCK_LENGTH_4300_pct,        0.000
MEM_BLOCK_LENGTH_4300_total_count,             0
MEM_BLOCK_LENGTH_4300_total_pct,        0.000

MEM_BLOCK_LENGTH_4400_count,             0
MEM_BLOCK_LENGTH_4400_pct,        0.000
MEM_BLOCK_LENGTH_4400_total_count,             0
MEM_BLOCK_LENGTH_4400_total_pct,        0.000

MEM_BLOCK_LENGTH_4500_count,             0
MEM_BLOCK_LENGTH_4500_pct,        0.000
MEM_BLOCK_LENGTH_4500_total_count,             0
MEM_BLOCK_LENGTH_4500_total_pct,        0.000

MEM_BLOCK_LENGTH_4600_count,             0
MEM_BLOCK_LENGTH_4600_pct,        0.000
MEM_BLOCK_LENGTH_4600_total_count,             0
MEM_BLOCK_LENGTH_4600_total_pct,        0.000

MEM_BLOCK_LENGTH_4700_count,             0
MEM_BLOCK_LENGTH_4700_pct,        0.000
MEM_BLOCK_LENGTH_4700_total_count,             0
MEM_BLOCK_LENGTH_4700_total_pct,        0.000

MEM_BLOCK_LENGTH_4800_count,             0
MEM_BLOCK_LENGTH_4800_pct,        0.000
MEM_BLOCK_LENGTH_4800_total_count,             0
MEM_BLOCK_LENGTH_4800_total_pct,        0.000

MEM_BLOCK_LENGTH_4900_count,             0
MEM_BLOCK_LENGTH_4900_pct,        0.000
MEM_BLOCK_LENGTH_4900_total_count,             0
MEM_BLOCK_LENGTH_4900_total_pct,        0.000

MEM_BLOCK_LENGTH_5000_count,             0
MEM_BLOCK_LENGTH_5000_pct,        0.000
MEM_BLOCK_LENGTH_5000_total_count,             0
MEM_BLOCK_LENGTH_5000_total_pct,        0.000
MEM_BLOCK_LENGTH_5000_sum_count,          6614
MEM_BLOCK_LENGTH_5000_sum_pct,      100.000
MEM_BLOCK_LENGTH_5000_sum_total_count,          6614
MEM_BLOCK_LENGTH_5000_sum_total_pct,      100.000
MEM_BLOCK_LENGTH_5000_mean,         0.05
MEM_BLOCK_LENGTH_5000_stddev,         0.22
MEM_BLOCK_LENGTH_5000_total_mean,         0.05
MEM_BLOCK_LENGTH_5000_total_stddev,         0.22

FUS_BUSY_ON_PATH_count,     118673813
FUS_BUSY_ON_PATH_pct,        1.327
FUS_BUSY_ON_PATH_total_count,     118673813
FUS_BUSY_ON_PATH_total_pct,        1.327

FUS_BUSY_OFF_PATH_count,     121602432
FUS_BUSY_OFF_PATH_pct,        1.360
FUS_BUSY_OFF_PATH_total_count,     121602432
FUS_BUSY_OFF_PATH_total_pct,        1.360

FU_BUSY_MEM_STALL_count,        348220
FU_BUSY_MEM_STALL_pct,        0.004
FU_BUSY_MEM_STALL_total_count,        348220
FU_BUSY_MEM_STALL_total_pct,        0.004

FUS_EMPTY_count,     475223179
FUS_EMPTY_pct,        5.313
FUS_EMPTY_total_count,     475223179
FUS_EMPTY_total_pct,        5.313

FU_UNAVAILABLE_count,         86796
FU_UNAVAILABLE_pct,        0.001
FU_UNAVAILABLE_total_count,         86796
FU_UNAVAILABLE_total_pct,        0.001

FU_MEM_UNAVAILABLE_count,        268301
FU_MEM_UNAVAILABLE_pct,        0.003
FU_MEM_UNAVAILABLE_total_count,        268301
FU_MEM_UNAVAILABLE_total_pct,        0.003

FU_REPLAY_count,             0
FU_REPLAY_pct,        0.000
FU_REPLAY_total_count,             0
FU_REPLAY_total_pct,        0.000

FU_STARVED_count,     469230800
FU_STARVED_pct,        5.246
FU_STARVED_total_count,     469230800
FU_STARVED_total_pct,        5.246

CHIP_UTILIZATION_count,             0
CHIP_UTILIZATION_pct,        0.000
CHIP_UTILIZATION_total_count,             0
CHIP_UTILIZATION_total_pct,        0.000

CYCLES_UNDER_MEM_REQ_count,             0
CYCLES_UNDER_MEM_REQ_total_count,             0

CYCLES_UNDER_NO_MEM_REQ_count,             0
CYCLES_UNDER_NO_MEM_REQ_total_count,             0

CYCLES_UNDER_CRITICAL_MEM_REQ_count,             0
CYCLES_UNDER_CRITICAL_MEM_REQ_total_count,             0

CYCLES_UNDER_NONCRITICAL_MEM_REQ_count,             0
CYCLES_UNDER_NONCRITICAL_MEM_REQ_total_count,             0

CHIP_UTILIZATION_UNDER_MEM_REQ_count,             0
CHIP_UTILIZATION_UNDER_MEM_REQ_pct,         -nan
CHIP_UTILIZATION_UNDER_MEM_REQ_total_count,             0
CHIP_UTILIZATION_UNDER_MEM_REQ_total_pct,         -nan

CHIP_UTILIZATION_UNDER_NO_MEM_REQ_count,             0
CHIP_UTILIZATION_UNDER_NO_MEM_REQ_pct,         -nan
CHIP_UTILIZATION_UNDER_NO_MEM_REQ_total_count,             0
CHIP_UTILIZATION_UNDER_NO_MEM_REQ_total_pct,         -nan

CHIP_UTILIZATION_UNDER_CRITICAL_MEM_REQ_count,             0
CHIP_UTILIZATION_UNDER_CRITICAL_MEM_REQ_pct,         -nan
CHIP_UTILIZATION_UNDER_CRITICAL_MEM_REQ_total_count,             0
CHIP_UTILIZATION_UNDER_CRITICAL_MEM_REQ_total_pct,         -nan

CHIP_UTILIZATION_UNDER_NONCRITICAL_MEM_REQ_count,             0
CHIP_UTILIZATION_UNDER_NONCRITICAL_MEM_REQ_pct,         -nan
CHIP_UTILIZATION_UNDER_NONCRITICAL_MEM_REQ_total_count,             0
CHIP_UTILIZATION_UNDER_NONCRITICAL_MEM_REQ_total_pct,         -nan

CYCLES_NOT_WAITING_FOR_OFF_CHIP_count,             0
CYCLES_NOT_WAITING_FOR_OFF_CHIP_pct,        0.000
CYCLES_NOT_WAITING_FOR_OFF_CHIP_total_count,             0
CYCLES_NOT_WAITING_FOR_OFF_CHIP_total_pct,        0.000

FUS_BUSY_NOT_WAITING_FOR_OFF_CHIP_count,             0
FUS_BUSY_NOT_WAITING_FOR_OFF_CHIP_pct,         -nan
FUS_BUSY_NOT_WAITING_FOR_OFF_CHIP_total_count,             0
FUS_BUSY_NOT_WAITING_FOR_OFF_CHIP_total_pct,         -nan

CYCLES_WAITING_FOR_OFF_CHIP_count,             0
CYCLES_WAITING_FOR_OFF_CHIP_pct,        0.000
CYCLES_WAITING_FOR_OFF_CHIP_total_count,             0
CYCLES_WAITING_FOR_OFF_CHIP_total_pct,        0.000

FUS_BUSY_WAITING_FOR_OFF_CHIP_count,             0
FUS_BUSY_WAITING_FOR_OFF_CHIP_pct,         -nan
FUS_BUSY_WAITING_FOR_OFF_CHIP_total_count,             0
FUS_BUSY_WAITING_FOR_OFF_CHIP_total_pct,         -nan

TOTAL_OFF_CHIP_DELAYS_LEFT_count,             0
TOTAL_OFF_CHIP_DELAYS_LEFT_total_count,             0

WRONG_IO_SCHED_count,             0
WRONG_IO_SCHED_total_count,             0

DVFS_CONFIG_SWITCH_count,             0
DVFS_CONFIG_SWITCH_total_count,             0

MAP_STAGE_RECEIVED_OPS_0_count,             0
MAP_STAGE_RECEIVED_OPS_0_pct,        0.000
MAP_STAGE_RECEIVED_OPS_0_total_count,             0
MAP_STAGE_RECEIVED_OPS_0_total_pct,        0.000

MAP_STAGE_RECEIVED_OPS_1_count,         80521
MAP_STAGE_RECEIVED_OPS_1_pct,        0.281
MAP_STAGE_RECEIVED_OPS_1_total_count,         80521
MAP_STAGE_RECEIVED_OPS_1_total_pct,        0.281

MAP_STAGE_RECEIVED_OPS_2_count,       7097452
MAP_STAGE_RECEIVED_OPS_2_pct,       24.778
MAP_STAGE_RECEIVED_OPS_2_total_count,       7097452
MAP_STAGE_RECEIVED_OPS_2_total_pct,       24.778

MAP_STAGE_RECEIVED_OPS_3_count,       1706850
MAP_STAGE_RECEIVED_OPS_3_pct,        5.959
MAP_STAGE_RECEIVED_OPS_3_total_count,       1706850
MAP_STAGE_RECEIVED_OPS_3_total_pct,        5.959

MAP_STAGE_RECEIVED_OPS_4_count,       7378506
MAP_STAGE_RECEIVED_OPS_4_pct,       25.760
MAP_STAGE_RECEIVED_OPS_4_total_count,       7378506
MAP_STAGE_RECEIVED_OPS_4_total_pct,       25.760

MAP_STAGE_RECEIVED_OPS_5_count,       4989571
MAP_STAGE_RECEIVED_OPS_5_pct,       17.419
MAP_STAGE_RECEIVED_OPS_5_total_count,       4989571
MAP_STAGE_RECEIVED_OPS_5_total_pct,       17.419

MAP_STAGE_RECEIVED_OPS_6_count,       7390915
MAP_STAGE_RECEIVED_OPS_6_pct,       25.803
MAP_STAGE_RECEIVED_OPS_6_total_count,       7390915
MAP_STAGE_RECEIVED_OPS_6_total_pct,       25.803

MAP_STAGE_RECEIVED_OPS_7_count,             0
MAP_STAGE_RECEIVED_OPS_7_pct,        0.000
MAP_STAGE_RECEIVED_OPS_7_total_count,             0
MAP_STAGE_RECEIVED_OPS_7_total_pct,        0.000

MAP_STAGE_RECEIVED_OPS_8_count,             0
MAP_STAGE_RECEIVED_OPS_8_pct,        0.000
MAP_STAGE_RECEIVED_OPS_8_total_count,             0
MAP_STAGE_RECEIVED_OPS_8_total_pct,        0.000

MAP_STAGE_RECEIVED_OPS_MAX_count,             0
MAP_STAGE_RECEIVED_OPS_MAX_pct,        0.000
MAP_STAGE_RECEIVED_OPS_MAX_total_count,             0
MAP_STAGE_RECEIVED_OPS_MAX_total_pct,        0.000
MAP_STAGE_RECEIVED_OPS_MAX_sum_count,      28643815
MAP_STAGE_RECEIVED_OPS_MAX_sum_pct,      100.000
MAP_STAGE_RECEIVED_OPS_MAX_sum_total_count,      28643815
MAP_STAGE_RECEIVED_OPS_MAX_sum_total_pct,      100.000
MAP_STAGE_RECEIVED_OPS_MAX_mean,         4.13
MAP_STAGE_RECEIVED_OPS_MAX_stddev,         1.51
MAP_STAGE_RECEIVED_OPS_MAX_total_mean,         4.13
MAP_STAGE_RECEIVED_OPS_MAX_total_stddev,         1.51

MAP_STAGE_WAIT_FOR_DECODE_count,             0
MAP_STAGE_WAIT_FOR_DECODE_pct,         -nan
MAP_STAGE_WAIT_FOR_DECODE_total_count,             0
MAP_STAGE_WAIT_FOR_DECODE_total_pct,         -nan

MAP_STAGE_CONSUME_DECODE_count,             0
MAP_STAGE_CONSUME_DECODE_pct,         -nan
MAP_STAGE_CONSUME_DECODE_total_count,             0
MAP_STAGE_CONSUME_DECODE_total_pct,         -nan
MAP_STAGE_CONSUME_DECODE_sum_count,             0
MAP_STAGE_CONSUME_DECODE_sum_pct,         -nan
MAP_STAGE_CONSUME_DECODE_sum_total_count,             0
MAP_STAGE_CONSUME_DECODE_sum_total_pct,         -nan
MAP_STAGE_CONSUME_DECODE_mean,         -nan
MAP_STAGE_CONSUME_DECODE_stddev,         -nan
MAP_STAGE_CONSUME_DECODE_total_mean,         -nan
MAP_STAGE_CONSUME_DECODE_total_stddev,         -nan

MAP_STAGE_WAIT_FOR_DECODE2_count,             0
MAP_STAGE_WAIT_FOR_DECODE2_pct,         -nan
MAP_STAGE_WAIT_FOR_DECODE2_total_count,             0
MAP_STAGE_WAIT_FOR_DECODE2_total_pct,         -nan

MAP_STAGE_CONSUME_DECODE2_count,             0
MAP_STAGE_CONSUME_DECODE2_pct,         -nan
MAP_STAGE_CONSUME_DECODE2_total_count,             0
MAP_STAGE_CONSUME_DECODE2_total_pct,         -nan
MAP_STAGE_CONSUME_DECODE2_sum_count,             0
MAP_STAGE_CONSUME_DECODE2_sum_pct,         -nan
MAP_STAGE_CONSUME_DECODE2_sum_total_count,             0
MAP_STAGE_CONSUME_DECODE2_sum_total_pct,         -nan
MAP_STAGE_CONSUME_DECODE2_mean,         -nan
MAP_STAGE_CONSUME_DECODE2_stddev,         -nan
MAP_STAGE_CONSUME_DECODE2_total_mean,         -nan
MAP_STAGE_CONSUME_DECODE2_total_stddev,         -nan

FTQ_RECOVER_EXEC_count,       1278354
FTQ_RECOVER_EXEC_total_count,       1278354

FTQ_RECOVER_DECODE_count,             0
FTQ_RECOVER_DECODE_total_count,             0

FTQ_OFFPATH_CYCLES_count,      80874767
FTQ_OFFPATH_CYCLES_total_count,      80874767

FTQ_CYCLES_OFFPATH_count,      79596430
FTQ_CYCLES_OFFPATH_total_count,      79596430

FTQ_CYCLES_ONPATH_count,       9840998
FTQ_CYCLES_ONPATH_total_count,       9840998

FTQ_FETCHED_INS_OFFPATH_count,     717416911
FTQ_FETCHED_INS_OFFPATH_total_count,     717416911

FTQ_FETCHED_INS_ONPATH_count,     117149514
FTQ_FETCHED_INS_ONPATH_total_count,     117149514

FTQ_BREAK_FULL_FT_ONPATH_count,       1184384
FTQ_BREAK_FULL_FT_ONPATH_pct,       13.832
FTQ_BREAK_FULL_FT_ONPATH_total_count,       1184384
FTQ_BREAK_FULL_FT_ONPATH_total_pct,       13.832

FTQ_BREAK_MAX_CFS_TAKEN_ONPATH_count,       7378260
FTQ_BREAK_MAX_CFS_TAKEN_ONPATH_pct,       86.168
FTQ_BREAK_MAX_CFS_TAKEN_ONPATH_total_count,       7378260
FTQ_BREAK_MAX_CFS_TAKEN_ONPATH_total_pct,       86.168

FTQ_BREAK_MAX_BYTES_ONPATH_count,             0
FTQ_BREAK_MAX_BYTES_ONPATH_pct,        0.000
FTQ_BREAK_MAX_BYTES_ONPATH_total_count,             0
FTQ_BREAK_MAX_BYTES_ONPATH_total_pct,        0.000

FTQ_BREAK_PRED_BR_ONPATH_count,             0
FTQ_BREAK_PRED_BR_ONPATH_pct,        0.000
FTQ_BREAK_PRED_BR_ONPATH_total_count,             0
FTQ_BREAK_PRED_BR_ONPATH_total_pct,        0.000

FTQ_BREAK_BAR_FETCH_ONPATH_count,             0
FTQ_BREAK_BAR_FETCH_ONPATH_pct,        0.000
FTQ_BREAK_BAR_FETCH_ONPATH_total_count,             0
FTQ_BREAK_BAR_FETCH_ONPATH_total_pct,        0.000
FTQ_BREAK_BAR_FETCH_ONPATH_sum_count,       8562644
FTQ_BREAK_BAR_FETCH_ONPATH_sum_pct,      100.000
FTQ_BREAK_BAR_FETCH_ONPATH_sum_total_count,       8562644
FTQ_BREAK_BAR_FETCH_ONPATH_sum_total_pct,      100.000
FTQ_BREAK_BAR_FETCH_ONPATH_mean,         0.86
FTQ_BREAK_BAR_FETCH_ONPATH_stddev,         0.13
FTQ_BREAK_BAR_FETCH_ONPATH_total_mean,         0.86
FTQ_BREAK_BAR_FETCH_ONPATH_total_stddev,         0.13

FTQ_BREAK_FULL_FT_OFFPATH_count,      63944692
FTQ_BREAK_FULL_FT_OFFPATH_pct,       79.066
FTQ_BREAK_FULL_FT_OFFPATH_total_count,      63944692
FTQ_BREAK_FULL_FT_OFFPATH_total_pct,       79.066

FTQ_BREAK_MAX_CFS_TAKEN_OFFPATH_count,      15553802
FTQ_BREAK_MAX_CFS_TAKEN_OFFPATH_pct,       19.232
FTQ_BREAK_MAX_CFS_TAKEN_OFFPATH_total_count,      15553802
FTQ_BREAK_MAX_CFS_TAKEN_OFFPATH_total_pct,       19.232

FTQ_BREAK_MAX_BYTES_OFFPATH_count,       1376290
FTQ_BREAK_MAX_BYTES_OFFPATH_pct,        1.702
FTQ_BREAK_MAX_BYTES_OFFPATH_total_count,       1376290
FTQ_BREAK_MAX_BYTES_OFFPATH_total_pct,        1.702

FTQ_BREAK_PRED_BR_OFFPATH_count,             0
FTQ_BREAK_PRED_BR_OFFPATH_pct,        0.000
FTQ_BREAK_PRED_BR_OFFPATH_total_count,             0
FTQ_BREAK_PRED_BR_OFFPATH_total_pct,        0.000

FTQ_BREAK_BAR_FETCH_OFFPATH_count,             0
FTQ_BREAK_BAR_FETCH_OFFPATH_pct,        0.000
FTQ_BREAK_BAR_FETCH_OFFPATH_total_count,             0
FTQ_BREAK_BAR_FETCH_OFFPATH_total_pct,        0.000
FTQ_BREAK_BAR_FETCH_OFFPATH_sum_count,      80874784
FTQ_BREAK_BAR_FETCH_OFFPATH_sum_pct,      100.000
FTQ_BREAK_BAR_FETCH_OFFPATH_sum_total_count,      80874784
FTQ_BREAK_BAR_FETCH_OFFPATH_sum_total_pct,      100.000
FTQ_BREAK_BAR_FETCH_OFFPATH_mean,         0.23
FTQ_BREAK_BAR_FETCH_OFFPATH_stddev,         0.41
FTQ_BREAK_BAR_FETCH_OFFPATH_total_mean,         0.23
FTQ_BREAK_BAR_FETCH_OFFPATH_total_stddev,         0.41



